{"cameraMode":{"drawMode":0,"name":"Shaded","section":"Shading Mode"},"sceneLighting":true,"audioPlay":false,"sceneViewState":{"showFog":true,"showMaterialUpdate":false,"showSkybox":true,"showFlares":true,"showImageEffects":true,"showParticleSystems":true},"in2DMode":false,"pivot":{"x":0.5023021697998047,"y":3.867481231689453,"z":-0.9354572296142578},"rotation":{"x":0.06677858531475067,"y":-0.8936388492584229,"z":0.14192399382591248,"w":0.42048197984695437},"size":13.755970001220704,"orthographic":false}